"","Affiliation","Facility.Name","Address","City","State","Zip.Code","lat","long"
"1","Title 5 (638)","Cherokee Nation Tahlequah Outpatient Clinic","124 E Choctaw St","Tahlequah","OK","74464",35.9105898,-94.9710362720946
"2","Title 5 (638)","Jack Brown Center","17091 S Muskogee","Tahlequah","OK","74464",35.8474164,-95.0014579896694
"3","Title 5 (638)","John Anderson Health Center ( Broken Bow)","1300 Martin Luther King Drive","Broken Bow","OK","74728",34.0264288468868,-94.7267635360113
"4","Title 5 (638)","Hugo Health Center","410 North M Street","Hugo","OK","74743",34.0139977610009,-95.5263717531714
"5","Title 5 (638)","McAlester Health Center","1127 S George Nigh Expy. ","McAlester","OK","74501",34.8979857166185,-95.7561965862383
"6","Title 5 (638)","Rubin White Health Center","109 Kerr Ave","Poteau","OK","74953",35.0185582225404,-94.6633884767729
"7","Title 5 (638)","Stigler Choctaw Health Center","2204 East Main Street","Stigler","OK","74462",35.25167645,-95.11653965
"8","Title 5 (638)","Idabel Health Center","902 East Lincoln Road","Idabel","OK","74745",33.8808120080321,-94.8175333212851
"9","Title 5 (638)","Atoka Choctaw Nation Health Center","1201 W Liberty Road","Atoka","OK","74525",34.3939607719484,-96.1511597777284
"10","Title 5 (638)","Chickasaw Nation Medical Center","1921 Stonecipher Blvd.","Ada","OK","74820",34.731557,-96.6468573180561
"11","Title 5 (638)","Tishomingo Indian Health Clinic","815 E 6th St","Tishomingo","OK","73460",34.2345199221234,-96.6666555531104
"12","Title 5 (638)","Ardmore Health Center","2510 Chickasaw Blvd.","Ardmore","OK","73401",34.2012921632653,-97.1404
"13","Title 5 (638)","Durant Indian Health Clinic","1600 N Washington","Durant","OK","74701",34.0079076346154,-96.3902792307692
"14","Title 5 (638)","Kanza Health Center","3151 East River Rd","Newkirk","OK","74647",36.8825556,-97.0290915882099
"15","Urban","Oklahoma City Indian Clinic","4913 W Reno ","Oklahoma City","OK","73127",35.464069,-97.6081679089392
"16","Title 5 (638)","Kickapoo Health Center (McLoud)","407 N Highway 102","McLoud","OK","74851",35.3801326365556,-97.0624107706166
"17","Title 5 (638)","Native American Recovery Center","420 N Kickapoo Avenue","Shawnee","OK","74801",35.3694921973289,-96.9286386045061
"18","Title 5 (638)","Citizen Potawatomi Health Center","2307 S Gordon Cooper Dr","Shawnee","OK","74801",35.2938430540239,-96.9260510217712
"19","Title 5 (638)","Cherokee Nation W. W. Hastings Hospital","100 South Bliss Avenue","Tahlequah","OK","74464",35.9098006,-94.947811398481
"20","Title 5 (638)","Eufaula Health Center","800 Forest Ave","Eufaula","OK","74432",35.2827454747475,-95.5906103636364
"21","Title 5 (638)","Cherokee Nation Three Rivers Health Center","1001 South 41st Street East ","Muskogee","OK","74403",35.7297312615555,-95.3104104398141
"22","IHS","Lawton Hospital","1515 Lawrie Tatum Road","Lawton","OK","73507",34.62726795,-98.3842171009308
"23","IHS","Carnegie Health Center","212 E 4th St ","Carnegie","OK","73015",35.1018681894294,-98.6055400585561
"24","IHS","Pawnee Health Center","1201 Heritage Circle","Pawnee","OK","74058",36.3349661845317,-96.788207830359
"25","Title 5 (638)","Creek Nation Community Hospital (Okemah)","309 North 14th Street","Okemah","OK","74859",35.4339458,-96.318332
"26","Title 5 (638)","Cherokee Nation Sam Hider Community Clinic ","1015 W Washbourne Street","Jay","OK","74346",36.4212292089568,-94.8043054280782
"27","Title 5 (638)","Okemah Health Center","309 North 14th St","Okemah","OK","74859",35.4339458,-96.318332
"28","Title 5 (638)","Okmulgee Health Center","1313 E 20th Street","Okmulgee","OK","74447",35.6100418980156,-95.9560533247471
"29","Title 5 (638)","Indian Health Care Resource Health Center","550 S Peoria","Tulsa","OK","74120",36.1531646,-95.9767023
"30","Title 5 (638)","Bearskin Health Center","1 Turtle Dr","Wyandotte","OK","74370",36.8020546978859,-94.726070220923
"31","Title 5 (638)","Cherokee Nation Bartlesville Health Clinc","501 East 5th Street","Bartlesville","OK","74003",36.747966,-95.972351
"32","Title 5 (638)","Purcell Indian Health Clinic","1438 Hardcastle Blvd","Purcell","OK","73080",34.9961767556837,-97.370926
"33","Title 5 (638)","Choctaw Nation Indian Hospital (Talihina)","One Choctaw Way","Talihina","OK","74571",34.7524173,-95.0419156
"34","Title 5 (638)","Chickasaw Nation Family Practice Center","1001 Country Club Rd","Ada","OK","74820",34.7743383,-96.6783651
"35","IHS","Claremore Hospital","101 S Moore Avenue (South Moore & Will Rogers Blvd)","Claremore","OK","74017",36.3126005,-95.6160686
"36","IHS","Watonga Health Center","Route 1, Box 34-A","Watonga","OK","73772",35.8483867,-98.4133205
"37","IHS","El Reno Health Center","1631-A East Highway 66","El Reno","OK","73036",35.532198,-97.9550578
"38","Title 5 (638)","White Eagle Health Center","200 White Eagle Drive","Ponca City","OK","74601",36.703647,-97.081898
"39","Title 1 (Tribal)","Perkins Family Clinic","509 East Highway 33","Perkins","OK","74059",35.9740886,-97.0337692
"40","Title 5 (638)","Social Development Center","20 White Eagle Drive","Ponca City","OK","74601",36.703647,-97.081898
"41","Title 5 (638)","Black Hawk Health Center","356 110 E 930 Rd","Stroud","OK","74079",35.7477749,-96.6566742
"42","Title 5 (638)","Little Axe Health Center","15702 E State Hightway 9","Norman","OK","73026",35.2225717,-97.4394816
"43","Title 5 (638)","Cherokee Nation Redbird Smith Health Center ","301 South J.T. Stites Boulevard","Sallisaw","OK","74955",35.4587305,-94.7879436
"44","Title 5 (638)","Cherokee Nation Willma P. Mankiller Health Center","Rt 6 Box 840 ","Stilwell","OK","74960",35.814431,-94.6286156
"45","IHS","Clinton Indian Health Center","10321 N 2274 Road ","Clinton","OK","73601",35.5156056,-98.9673069
"46","IHS","Anadarko Health Center","115 Northeast Old Town Drive","Anadarko","OK","73005",35.0725323,-98.243981
"47","IHS","Wewoka Indian Health Center","State Highway 56 & 270 Junction","Wewoka","OK","74884",35.1511643,-96.4935513
"48","Title 5 (638)","Northeastern Tribal Health System","2301 S Eight Tribes Trail","Miami","OK","74354",36.8746177,-94.877374
"49","Title 5 (638)","Cherokee Nation A-MO Health Center","900 North Owen Walters Boulevard","Salina","OK","74365",36.2928692,-95.1532966
"50","Title 5 (638)","Cherokee Nation Will Rogers Health Center","1020 Lenape Drive","Nowata","OK","74048",36.700645,-95.6380341
"51","Title 5 (638)","Cherokee Nation Vinita Health Center","525 South Wilson","Vinita","OK","74301",36.6408372,-95.156363
"52","Title 5 (638)","Koweta Health Center","31870 East Highway 51","Coweta","OK","74429",35.9524768,-95.6508637
"53","Title 5 (638)","Sapulpa Health Center","1125 E Cleaveland Ave","Sapulpa","OK","74066",36.0005035,-96.1049612
